[{"pk": 1, "model": "app_fb_questionnaire.question", "fields": {"text": "Does your car has Benzine or Diesel?"}}, {"pk": 2, "model": "app_fb_questionnaire.question", "fields": {"text": "What is your current car?"}}, {"pk": 3, "model": "app_fb_questionnaire.question", "fields": {"text": "What is your first car?"}}, {"pk": 4, "model": "app_fb_questionnaire.question", "fields": {"text": "What is your dream car?"}}, {"pk": 5, "model": "app_fb_questionnaire.question", "fields": {"text": "What is your favorite car?"}}, {"pk": 6, "model": "app_fb_questionnaire.question", "fields": {"text": "Grand Central Terminal, Park Avenue, New York is the world's"}}, {"pk": 7, "model": "app_fb_questionnaire.question", "fields": {"text": "Entomology is the science that studies"}}, {"pk": 8, "model": "app_fb_questionnaire.question", "fields": {"text": "Eritrea, which became the 182nd member of the UN in 1993, is in the continent of"}}, {"pk": 9, "model": "app_fb_questionnaire.question", "fields": {"text": "Garampani sanctuary is located at"}}, {"pk": 10, "model": "app_fb_questionnaire.question", "fields": {"text": "For which of the following disciplines is Nobel Prize awarded?"}}, {"pk": 11, "model": "app_fb_questionnaire.question", "fields": {"text": "Hitler party which came into power in 1933 is known as"}}, {"pk": 12, "model": "app_fb_questionnaire.question", "fields": {"text": "FFC stands for"}}, {"pk": 13, "model": "app_fb_questionnaire.question", "fields": {"text": "Fastest shorthand writer was"}}, {"pk": 14, "model": "app_fb_questionnaire.question", "fields": {"text": "\t Epsom (England) is the place associated with"}}, {"pk": 15, "model": "app_fb_questionnaire.question", "fields": {"text": "First human heart transplant operation conducted by Dr. Christiaan Barnard on Louis Washkansky, was conducted in"}}, {"pk": 16, "model": "app_fb_questionnaire.question", "fields": {"text": "How likely is it that you would recommend this company to a friend or colleague?"}}, {"pk": 17, "model": "app_fb_questionnaire.question", "fields": {"text": "Overall, how satisfied or dissatisfied are you with our company?"}}, {"pk": 18, "model": "app_fb_questionnaire.question", "fields": {"text": "Which of the following words would you use to describe our products? "}}, {"pk": 19, "model": "app_fb_questionnaire.question", "fields": {"text": "How well do our products meet you needs?"}}, {"pk": 20, "model": "app_fb_questionnaire.question", "fields": {"text": "How would you rate the quality of the product?"}}, {"pk": 21, "model": "app_fb_questionnaire.question", "fields": {"text": "How would you rate the value for money of the product?"}}, {"pk": 22, "model": "app_fb_questionnaire.question", "fields": {"text": "How responsive have we been to your questions or concerns about our products?"}}, {"pk": 23, "model": "app_fb_questionnaire.question", "fields": {"text": "How long have you been a customer of our company?"}}, {"pk": 24, "model": "app_fb_questionnaire.question", "fields": {"text": "How likely are you to purchase any of our products again?"}}, {"pk": 1, "model": "app_fb_questionnaire.choice", "fields": {"text": "BMW"}}, {"pk": 2, "model": "app_fb_questionnaire.choice", "fields": {"text": "Audi"}}, {"pk": 3, "model": "app_fb_questionnaire.choice", "fields": {"text": "Benz"}}, {"pk": 4, "model": "app_fb_questionnaire.choice", "fields": {"text": "Tesla"}}, {"pk": 5, "model": "app_fb_questionnaire.choice", "fields": {"text": "Ford"}}, {"pk": 6, "model": "app_fb_questionnaire.choice", "fields": {"text": "Toyota"}}, {"pk": 7, "model": "app_fb_questionnaire.choice", "fields": {"text": "Honda"}}, {"pk": 8, "model": "app_fb_questionnaire.choice", "fields": {"text": "Suzuki"}}, {"pk": 9, "model": "app_fb_questionnaire.choice", "fields": {"text": "Benzine"}}, {"pk": 10, "model": "app_fb_questionnaire.choice", "fields": {"text": "Diesel"}}, {"pk": 11, "model": "app_fb_questionnaire.choice", "fields": {"text": "largest railway station"}}, {"pk": 12, "model": "app_fb_questionnaire.choice", "fields": {"text": "highest railway station"}}, {"pk": 13, "model": "app_fb_questionnaire.choice", "fields": {"text": "longest railway station"}}, {"pk": 14, "model": "app_fb_questionnaire.choice", "fields": {"text": "None of the above"}}, {"pk": 15, "model": "app_fb_questionnaire.choice", "fields": {"text": "Behavior of human beings"}}, {"pk": 16, "model": "app_fb_questionnaire.choice", "fields": {"text": "Insects"}}, {"pk": 17, "model": "app_fb_questionnaire.choice", "fields": {"text": "The origin and history of technical and scientific terms"}}, {"pk": 18, "model": "app_fb_questionnaire.choice", "fields": {"text": "The formation of rocks"}}, {"pk": 19, "model": "app_fb_questionnaire.choice", "fields": {"text": "Asia"}}, {"pk": 20, "model": "app_fb_questionnaire.choice", "fields": {"text": "Africa"}}, {"pk": 21, "model": "app_fb_questionnaire.choice", "fields": {"text": "Europe"}}, {"pk": 22, "model": "app_fb_questionnaire.choice", "fields": {"text": "Australia"}}, {"pk": 23, "model": "app_fb_questionnaire.choice", "fields": {"text": "Junagarh, Gujarat"}}, {"pk": 24, "model": "app_fb_questionnaire.choice", "fields": {"text": "Diphu, Assam"}}, {"pk": 25, "model": "app_fb_questionnaire.choice", "fields": {"text": "Kohima, Nagaland"}}, {"pk": 26, "model": "app_fb_questionnaire.choice", "fields": {"text": "Gangtok, Sikkim"}}, {"pk": 27, "model": "app_fb_questionnaire.choice", "fields": {"text": "Physics and Chemistry"}}, {"pk": 28, "model": "app_fb_questionnaire.choice", "fields": {"text": "Physiology or Medicine"}}, {"pk": 29, "model": "app_fb_questionnaire.choice", "fields": {"text": "Literature, Peace and Economics"}}, {"pk": 30, "model": "app_fb_questionnaire.choice", "fields": {"text": "All of the above"}}, {"pk": 31, "model": "app_fb_questionnaire.choice", "fields": {"text": "Labour Party"}}, {"pk": 32, "model": "app_fb_questionnaire.choice", "fields": {"text": "Nazi Party"}}, {"pk": 33, "model": "app_fb_questionnaire.choice", "fields": {"text": "Ku-Klux-Klan"}}, {"pk": 34, "model": "app_fb_questionnaire.choice", "fields": {"text": "Democratic Party"}}, {"pk": 35, "model": "app_fb_questionnaire.choice", "fields": {"text": "Foreign Finance Corporation"}}, {"pk": 36, "model": "app_fb_questionnaire.choice", "fields": {"text": "Film Finance Corporation"}}, {"pk": 37, "model": "app_fb_questionnaire.choice", "fields": {"text": "Federation of Football Council"}}, {"pk": 38, "model": "app_fb_questionnaire.choice", "fields": {"text": "None of the above"}}, {"pk": 39, "model": "app_fb_questionnaire.choice", "fields": {"text": "Dr. G. D. Bist"}}, {"pk": 40, "model": "app_fb_questionnaire.choice", "fields": {"text": "J.R.D. Tata"}}, {"pk": 41, "model": "app_fb_questionnaire.choice", "fields": {"text": "J.M. Tagore"}}, {"pk": 42, "model": "app_fb_questionnaire.choice", "fields": {"text": "Khudada Khan"}}, {"pk": 43, "model": "app_fb_questionnaire.choice", "fields": {"text": "Horse racing"}}, {"pk": 44, "model": "app_fb_questionnaire.choice", "fields": {"text": "Polo"}}, {"pk": 45, "model": "app_fb_questionnaire.choice", "fields": {"text": "Shooting"}}, {"pk": 46, "model": "app_fb_questionnaire.choice", "fields": {"text": "Snooker"}}, {"pk": 47, "model": "app_fb_questionnaire.choice", "fields": {"text": "1967"}}, {"pk": 48, "model": "app_fb_questionnaire.choice", "fields": {"text": "1968"}}, {"pk": 49, "model": "app_fb_questionnaire.choice", "fields": {"text": "1958"}}, {"pk": 50, "model": "app_fb_questionnaire.choice", "fields": {"text": "1922"}}, {"pk": 51, "model": "app_fb_questionnaire.choice", "fields": {"text": "1"}}, {"pk": 52, "model": "app_fb_questionnaire.choice", "fields": {"text": "2"}}, {"pk": 53, "model": "app_fb_questionnaire.choice", "fields": {"text": "3"}}, {"pk": 54, "model": "app_fb_questionnaire.choice", "fields": {"text": "4"}}, {"pk": 55, "model": "app_fb_questionnaire.choice", "fields": {"text": "5"}}, {"pk": 56, "model": "app_fb_questionnaire.choice", "fields": {"text": "Very satisfied"}}, {"pk": 57, "model": "app_fb_questionnaire.choice", "fields": {"text": "Somewhat satisfied"}}, {"pk": 58, "model": "app_fb_questionnaire.choice", "fields": {"text": "Neither satisfied nor dissatisfied"}}, {"pk": 59, "model": "app_fb_questionnaire.choice", "fields": {"text": "Somewhat dissatisfied"}}, {"pk": 60, "model": "app_fb_questionnaire.choice", "fields": {"text": "Very dissatisfied"}}, {"pk": 61, "model": "app_fb_questionnaire.choice", "fields": {"text": "Reliable"}}, {"pk": 62, "model": "app_fb_questionnaire.choice", "fields": {"text": "High quality"}}, {"pk": 63, "model": "app_fb_questionnaire.choice", "fields": {"text": "Useful"}}, {"pk": 64, "model": "app_fb_questionnaire.choice", "fields": {"text": "Unique"}}, {"pk": 65, "model": "app_fb_questionnaire.choice", "fields": {"text": "Extremely well"}}, {"pk": 66, "model": "app_fb_questionnaire.choice", "fields": {"text": "Very well"}}, {"pk": 67, "model": "app_fb_questionnaire.choice", "fields": {"text": "Somewhat well"}}, {"pk": 68, "model": "app_fb_questionnaire.choice", "fields": {"text": "Not so well"}}, {"pk": 69, "model": "app_fb_questionnaire.choice", "fields": {"text": "Not at all well"}}, {"pk": 70, "model": "app_fb_questionnaire.choice", "fields": {"text": "Very high quality"}}, {"pk": 71, "model": "app_fb_questionnaire.choice", "fields": {"text": "High quality"}}, {"pk": 72, "model": "app_fb_questionnaire.choice", "fields": {"text": "Neither high nor low quality"}}, {"pk": 73, "model": "app_fb_questionnaire.choice", "fields": {"text": "Low quality"}}, {"pk": 74, "model": "app_fb_questionnaire.choice", "fields": {"text": "Very low quality"}}, {"pk": 75, "model": "app_fb_questionnaire.choice", "fields": {"text": "Excellent"}}, {"pk": 76, "model": "app_fb_questionnaire.choice", "fields": {"text": "Above average"}}, {"pk": 77, "model": "app_fb_questionnaire.choice", "fields": {"text": "Average"}}, {"pk": 78, "model": "app_fb_questionnaire.choice", "fields": {"text": "Below average"}}, {"pk": 79, "model": "app_fb_questionnaire.choice", "fields": {"text": "Poor"}}, {"pk": 80, "model": "app_fb_questionnaire.choice", "fields": {"text": "Extremely responsive"}}, {"pk": 81, "model": "app_fb_questionnaire.choice", "fields": {"text": "Very responsive"}}, {"pk": 82, "model": "app_fb_questionnaire.choice", "fields": {"text": "Somewhat responsive"}}, {"pk": 83, "model": "app_fb_questionnaire.choice", "fields": {"text": "Not so responsive"}}, {"pk": 84, "model": "app_fb_questionnaire.choice", "fields": {"text": "Not at all responsive"}}, {"pk": 85, "model": "app_fb_questionnaire.choice", "fields": {"text": "Not applicable"}}, {"pk": 86, "model": "app_fb_questionnaire.choice", "fields": {"text": "This is my first purchase"}}, {"pk": 87, "model": "app_fb_questionnaire.choice", "fields": {"text": "Less than six months"}}, {"pk": 88, "model": "app_fb_questionnaire.choice", "fields": {"text": "Six months to a year"}}, {"pk": 89, "model": "app_fb_questionnaire.choice", "fields": {"text": "1 -2 years"}}, {"pk": 90, "model": "app_fb_questionnaire.choice", "fields": {"text": "3 or more years"}}, {"pk": 91, "model": "app_fb_questionnaire.choice", "fields": {"text": "I haven't made a purchase yet"}}, {"pk": 92, "model": "app_fb_questionnaire.choice", "fields": {"text": "Extremely likely"}}, {"pk": 93, "model": "app_fb_questionnaire.choice", "fields": {"text": "Very likely"}}, {"pk": 94, "model": "app_fb_questionnaire.choice", "fields": {"text": "Somewhat likely"}}, {"pk": 95, "model": "app_fb_questionnaire.choice", "fields": {"text": "Not so likely"}}, {"pk": 96, "model": "app_fb_questionnaire.choice", "fields": {"text": "Not at all likely"}}, {"pk": 1, "model": "app_fb_questionnaire.questionvariation", "fields": {"name": "Car fuel"}}, {"pk": 2, "model": "app_fb_questionnaire.questionvariation", "fields": {"name": "Car Favorite"}}, {"pk": 3, "model": "app_fb_questionnaire.questionvariation", "fields": {"name": "Car current 1"}}, {"pk": 4, "model": "app_fb_questionnaire.questionvariation", "fields": {"name": "Car First 1"}}, {"pk": 6, "model": "app_fb_questionnaire.questionvariation", "fields": {"name": "BS Knowledge 1"}}, {"pk": 7, "model": "app_fb_questionnaire.questionvariation", "fields": {"name": "BS Knowledge 2"}}, {"pk": 8, "model": "app_fb_questionnaire.questionvariation", "fields": {"name": "BS Knowledge 3"}}, {"pk": 9, "model": "app_fb_questionnaire.questionvariation", "fields": {"name": "BS Knowledge 4"}}, {"pk": 10, "model": "app_fb_questionnaire.questionvariation", "fields": {"name": "BS Knowledge 5"}}, {"pk": 11, "model": "app_fb_questionnaire.questionvariation", "fields": {"name": "BS Knowledge 6"}}, {"pk": 12, "model": "app_fb_questionnaire.questionvariation", "fields": {"name": "BS Knowledge 7"}}, {"pk": 13, "model": "app_fb_questionnaire.questionvariation", "fields": {"name": "BS Knowledge 8"}}, {"pk": 14, "model": "app_fb_questionnaire.questionvariation", "fields": {"name": "BS Knowledge 9"}}, {"pk": 15, "model": "app_fb_questionnaire.questionvariation", "fields": {"name": "BS Knowledge 10"}}, {"pk": 16, "model": "app_fb_questionnaire.questionvariation", "fields": {"name": "CS 1"}}, {"pk": 17, "model": "app_fb_questionnaire.questionvariation", "fields": {"name": "CS 2"}}, {"pk": 18, "model": "app_fb_questionnaire.questionvariation", "fields": {"name": "CS 3"}}, {"pk": 19, "model": "app_fb_questionnaire.questionvariation", "fields": {"name": "CS 4"}}, {"pk": 20, "model": "app_fb_questionnaire.questionvariation", "fields": {"name": "CS 5"}}, {"pk": 21, "model": "app_fb_questionnaire.questionvariation", "fields": {"name": "CS 6"}}, {"pk": 22, "model": "app_fb_questionnaire.questionvariation", "fields": {"name": "CS 7"}}, {"pk": 23, "model": "app_fb_questionnaire.questionvariation", "fields": {"name": "CS 8"}}, {"pk": 24, "model": "app_fb_questionnaire.questionvariation", "fields": {"name": "CS 9"}}, {"pk": 25, "model": "app_fb_questionnaire.questionvariation", "fields": {"name": "CS 10"}}, {"pk": 1, "model": "app_fb_questionnaire.questionchoice", "fields": {"choice_id": 9, "question_variation_id": 1, "question_id": 1}}, {"pk": 2, "model": "app_fb_questionnaire.questionchoice", "fields": {"choice_id": 10, "question_variation_id": 1, "question_id": 1}}, {"pk": 3, "model": "app_fb_questionnaire.questionchoice", "fields": {"choice_id": 1, "question_variation_id": 3, "question_id": 2}}, {"pk": 4, "model": "app_fb_questionnaire.questionchoice", "fields": {"choice_id": 2, "question_variation_id": 3, "question_id": 2}}, {"pk": 5, "model": "app_fb_questionnaire.questionchoice", "fields": {"choice_id": 3, "question_variation_id": 3, "question_id": 2}}, {"pk": 6, "model": "app_fb_questionnaire.questionchoice", "fields": {"choice_id": 4, "question_variation_id": 3, "question_id": 2}}, {"pk": 7, "model": "app_fb_questionnaire.questionchoice", "fields": {"choice_id": 5, "question_variation_id": 4, "question_id": 3}}, {"pk": 8, "model": "app_fb_questionnaire.questionchoice", "fields": {"choice_id": 6, "question_variation_id": null, "question_id": 3}}, {"pk": 9, "model": "app_fb_questionnaire.questionchoice", "fields": {"choice_id": 7, "question_variation_id": 4, "question_id": 3}}, {"pk": 10, "model": "app_fb_questionnaire.questionchoice", "fields": {"choice_id": 8, "question_variation_id": 4, "question_id": 3}}, {"pk": 11, "model": "app_fb_questionnaire.questionchoice", "fields": {"choice_id": 1, "question_variation_id": 2, "question_id": 5}}, {"pk": 12, "model": "app_fb_questionnaire.questionchoice", "fields": {"choice_id": 2, "question_variation_id": 2, "question_id": 5}}, {"pk": 13, "model": "app_fb_questionnaire.questionchoice", "fields": {"choice_id": 3, "question_variation_id": 2, "question_id": 5}}, {"pk": 14, "model": "app_fb_questionnaire.questionchoice", "fields": {"choice_id": 4, "question_variation_id": 2, "question_id": 5}}, {"pk": 15, "model": "app_fb_questionnaire.questionchoice", "fields": {"choice_id": 11, "question_variation_id": 6, "question_id": 6}}, {"pk": 16, "model": "app_fb_questionnaire.questionchoice", "fields": {"choice_id": 12, "question_variation_id": 6, "question_id": 6}}, {"pk": 17, "model": "app_fb_questionnaire.questionchoice", "fields": {"choice_id": 13, "question_variation_id": 6, "question_id": 6}}, {"pk": 18, "model": "app_fb_questionnaire.questionchoice", "fields": {"choice_id": 14, "question_variation_id": 6, "question_id": 6}}, {"pk": 19, "model": "app_fb_questionnaire.questionchoice", "fields": {"choice_id": 15, "question_variation_id": 7, "question_id": 7}}, {"pk": 20, "model": "app_fb_questionnaire.questionchoice", "fields": {"choice_id": 16, "question_variation_id": 7, "question_id": 7}}, {"pk": 21, "model": "app_fb_questionnaire.questionchoice", "fields": {"choice_id": 17, "question_variation_id": 7, "question_id": 7}}, {"pk": 22, "model": "app_fb_questionnaire.questionchoice", "fields": {"choice_id": 18, "question_variation_id": 7, "question_id": 7}}, {"pk": 23, "model": "app_fb_questionnaire.questionchoice", "fields": {"choice_id": 19, "question_variation_id": 8, "question_id": 8}}, {"pk": 24, "model": "app_fb_questionnaire.questionchoice", "fields": {"choice_id": 20, "question_variation_id": 8, "question_id": 8}}, {"pk": 25, "model": "app_fb_questionnaire.questionchoice", "fields": {"choice_id": 21, "question_variation_id": 8, "question_id": 8}}, {"pk": 27, "model": "app_fb_questionnaire.questionchoice", "fields": {"choice_id": 22, "question_variation_id": 8, "question_id": 8}}, {"pk": 28, "model": "app_fb_questionnaire.questionchoice", "fields": {"choice_id": 23, "question_variation_id": 9, "question_id": 9}}, {"pk": 29, "model": "app_fb_questionnaire.questionchoice", "fields": {"choice_id": 24, "question_variation_id": 9, "question_id": 9}}, {"pk": 30, "model": "app_fb_questionnaire.questionchoice", "fields": {"choice_id": 25, "question_variation_id": 9, "question_id": 9}}, {"pk": 31, "model": "app_fb_questionnaire.questionchoice", "fields": {"choice_id": 26, "question_variation_id": 9, "question_id": 9}}, {"pk": 32, "model": "app_fb_questionnaire.questionchoice", "fields": {"choice_id": 27, "question_variation_id": 10, "question_id": 10}}, {"pk": 33, "model": "app_fb_questionnaire.questionchoice", "fields": {"choice_id": 28, "question_variation_id": 10, "question_id": 10}}, {"pk": 34, "model": "app_fb_questionnaire.questionchoice", "fields": {"choice_id": 29, "question_variation_id": 10, "question_id": 10}}, {"pk": 35, "model": "app_fb_questionnaire.questionchoice", "fields": {"choice_id": 30, "question_variation_id": 10, "question_id": 10}}, {"pk": 36, "model": "app_fb_questionnaire.questionchoice", "fields": {"choice_id": 31, "question_variation_id": 11, "question_id": 11}}, {"pk": 37, "model": "app_fb_questionnaire.questionchoice", "fields": {"choice_id": 32, "question_variation_id": 11, "question_id": 11}}, {"pk": 38, "model": "app_fb_questionnaire.questionchoice", "fields": {"choice_id": 33, "question_variation_id": 11, "question_id": 11}}, {"pk": 39, "model": "app_fb_questionnaire.questionchoice", "fields": {"choice_id": 34, "question_variation_id": 11, "question_id": 11}}, {"pk": 40, "model": "app_fb_questionnaire.questionchoice", "fields": {"choice_id": 35, "question_variation_id": 12, "question_id": 12}}, {"pk": 41, "model": "app_fb_questionnaire.questionchoice", "fields": {"choice_id": 36, "question_variation_id": 12, "question_id": 12}}, {"pk": 42, "model": "app_fb_questionnaire.questionchoice", "fields": {"choice_id": 37, "question_variation_id": 12, "question_id": 12}}, {"pk": 43, "model": "app_fb_questionnaire.questionchoice", "fields": {"choice_id": 38, "question_variation_id": 12, "question_id": 12}}, {"pk": 44, "model": "app_fb_questionnaire.questionchoice", "fields": {"choice_id": 39, "question_variation_id": 13, "question_id": 13}}, {"pk": 45, "model": "app_fb_questionnaire.questionchoice", "fields": {"choice_id": 40, "question_variation_id": 13, "question_id": 13}}, {"pk": 46, "model": "app_fb_questionnaire.questionchoice", "fields": {"choice_id": 41, "question_variation_id": 13, "question_id": 13}}, {"pk": 47, "model": "app_fb_questionnaire.questionchoice", "fields": {"choice_id": 42, "question_variation_id": 13, "question_id": 13}}, {"pk": 48, "model": "app_fb_questionnaire.questionchoice", "fields": {"choice_id": 43, "question_variation_id": 14, "question_id": 14}}, {"pk": 49, "model": "app_fb_questionnaire.questionchoice", "fields": {"choice_id": 44, "question_variation_id": 14, "question_id": 14}}, {"pk": 50, "model": "app_fb_questionnaire.questionchoice", "fields": {"choice_id": 45, "question_variation_id": 14, "question_id": 14}}, {"pk": 51, "model": "app_fb_questionnaire.questionchoice", "fields": {"choice_id": 46, "question_variation_id": 14, "question_id": 14}}, {"pk": 52, "model": "app_fb_questionnaire.questionchoice", "fields": {"choice_id": 47, "question_variation_id": 15, "question_id": 15}}, {"pk": 53, "model": "app_fb_questionnaire.questionchoice", "fields": {"choice_id": 48, "question_variation_id": 15, "question_id": 15}}, {"pk": 54, "model": "app_fb_questionnaire.questionchoice", "fields": {"choice_id": 49, "question_variation_id": 15, "question_id": 15}}, {"pk": 55, "model": "app_fb_questionnaire.questionchoice", "fields": {"choice_id": 50, "question_variation_id": 15, "question_id": 15}}, {"pk": 56, "model": "app_fb_questionnaire.questionchoice", "fields": {"choice_id": 51, "question_variation_id": 16, "question_id": 16}}, {"pk": 57, "model": "app_fb_questionnaire.questionchoice", "fields": {"choice_id": 52, "question_variation_id": 16, "question_id": 16}}, {"pk": 58, "model": "app_fb_questionnaire.questionchoice", "fields": {"choice_id": 53, "question_variation_id": 16, "question_id": 16}}, {"pk": 59, "model": "app_fb_questionnaire.questionchoice", "fields": {"choice_id": 54, "question_variation_id": 16, "question_id": 16}}, {"pk": 60, "model": "app_fb_questionnaire.questionchoice", "fields": {"choice_id": 55, "question_variation_id": 16, "question_id": 16}}, {"pk": 61, "model": "app_fb_questionnaire.questionchoice", "fields": {"choice_id": 56, "question_variation_id": 17, "question_id": 17}}, {"pk": 62, "model": "app_fb_questionnaire.questionchoice", "fields": {"choice_id": 57, "question_variation_id": 17, "question_id": 17}}, {"pk": 63, "model": "app_fb_questionnaire.questionchoice", "fields": {"choice_id": 58, "question_variation_id": 17, "question_id": 17}}, {"pk": 64, "model": "app_fb_questionnaire.questionchoice", "fields": {"choice_id": 59, "question_variation_id": 17, "question_id": 17}}, {"pk": 65, "model": "app_fb_questionnaire.questionchoice", "fields": {"choice_id": 60, "question_variation_id": 17, "question_id": 17}}, {"pk": 66, "model": "app_fb_questionnaire.questionchoice", "fields": {"choice_id": 61, "question_variation_id": 18, "question_id": 18}}, {"pk": 67, "model": "app_fb_questionnaire.questionchoice", "fields": {"choice_id": 62, "question_variation_id": 18, "question_id": 18}}, {"pk": 68, "model": "app_fb_questionnaire.questionchoice", "fields": {"choice_id": 63, "question_variation_id": 18, "question_id": 18}}, {"pk": 69, "model": "app_fb_questionnaire.questionchoice", "fields": {"choice_id": 64, "question_variation_id": 18, "question_id": 18}}, {"pk": 70, "model": "app_fb_questionnaire.questionchoice", "fields": {"choice_id": 65, "question_variation_id": 19, "question_id": 19}}, {"pk": 71, "model": "app_fb_questionnaire.questionchoice", "fields": {"choice_id": 66, "question_variation_id": 19, "question_id": 19}}, {"pk": 72, "model": "app_fb_questionnaire.questionchoice", "fields": {"choice_id": 67, "question_variation_id": 19, "question_id": 19}}, {"pk": 73, "model": "app_fb_questionnaire.questionchoice", "fields": {"choice_id": 68, "question_variation_id": 19, "question_id": 19}}, {"pk": 74, "model": "app_fb_questionnaire.questionchoice", "fields": {"choice_id": 69, "question_variation_id": 19, "question_id": 19}}, {"pk": 75, "model": "app_fb_questionnaire.questionchoice", "fields": {"choice_id": 70, "question_variation_id": 20, "question_id": 20}}, {"pk": 76, "model": "app_fb_questionnaire.questionchoice", "fields": {"choice_id": 71, "question_variation_id": 20, "question_id": 20}}, {"pk": 77, "model": "app_fb_questionnaire.questionchoice", "fields": {"choice_id": 72, "question_variation_id": 20, "question_id": 20}}, {"pk": 78, "model": "app_fb_questionnaire.questionchoice", "fields": {"choice_id": 73, "question_variation_id": 20, "question_id": 20}}, {"pk": 79, "model": "app_fb_questionnaire.questionchoice", "fields": {"choice_id": 74, "question_variation_id": 20, "question_id": 20}}, {"pk": 80, "model": "app_fb_questionnaire.questionchoice", "fields": {"choice_id": 75, "question_variation_id": 21, "question_id": 21}}, {"pk": 81, "model": "app_fb_questionnaire.questionchoice", "fields": {"choice_id": 76, "question_variation_id": 21, "question_id": 21}}, {"pk": 82, "model": "app_fb_questionnaire.questionchoice", "fields": {"choice_id": 77, "question_variation_id": 21, "question_id": 21}}, {"pk": 83, "model": "app_fb_questionnaire.questionchoice", "fields": {"choice_id": 78, "question_variation_id": 21, "question_id": 21}}, {"pk": 84, "model": "app_fb_questionnaire.questionchoice", "fields": {"choice_id": 79, "question_variation_id": 21, "question_id": 21}}, {"pk": 85, "model": "app_fb_questionnaire.questionchoice", "fields": {"choice_id": 80, "question_variation_id": 22, "question_id": 22}}, {"pk": 86, "model": "app_fb_questionnaire.questionchoice", "fields": {"choice_id": 81, "question_variation_id": 22, "question_id": 22}}, {"pk": 87, "model": "app_fb_questionnaire.questionchoice", "fields": {"choice_id": 82, "question_variation_id": 22, "question_id": 22}}, {"pk": 88, "model": "app_fb_questionnaire.questionchoice", "fields": {"choice_id": 83, "question_variation_id": 22, "question_id": 22}}, {"pk": 89, "model": "app_fb_questionnaire.questionchoice", "fields": {"choice_id": 84, "question_variation_id": 22, "question_id": 22}}, {"pk": 90, "model": "app_fb_questionnaire.questionchoice", "fields": {"choice_id": 85, "question_variation_id": 22, "question_id": 22}}, {"pk": 91, "model": "app_fb_questionnaire.questionchoice", "fields": {"choice_id": 86, "question_variation_id": 23, "question_id": 23}}, {"pk": 92, "model": "app_fb_questionnaire.questionchoice", "fields": {"choice_id": 87, "question_variation_id": 23, "question_id": 23}}, {"pk": 93, "model": "app_fb_questionnaire.questionchoice", "fields": {"choice_id": 88, "question_variation_id": 23, "question_id": 23}}, {"pk": 94, "model": "app_fb_questionnaire.questionchoice", "fields": {"choice_id": 89, "question_variation_id": 23, "question_id": 23}}, {"pk": 95, "model": "app_fb_questionnaire.questionchoice", "fields": {"choice_id": 90, "question_variation_id": 23, "question_id": 23}}, {"pk": 96, "model": "app_fb_questionnaire.questionchoice", "fields": {"choice_id": 91, "question_variation_id": 23, "question_id": 23}}, {"pk": 97, "model": "app_fb_questionnaire.questionchoice", "fields": {"choice_id": 92, "question_variation_id": 24, "question_id": 24}}, {"pk": 98, "model": "app_fb_questionnaire.questionchoice", "fields": {"choice_id": 93, "question_variation_id": 24, "question_id": 24}}, {"pk": 99, "model": "app_fb_questionnaire.questionchoice", "fields": {"choice_id": 94, "question_variation_id": 24, "question_id": 24}}, {"pk": 100, "model": "app_fb_questionnaire.questionchoice", "fields": {"choice_id": 95, "question_variation_id": 24, "question_id": 24}}, {"pk": 101, "model": "app_fb_questionnaire.questionchoice", "fields": {"choice_id": 96, "question_variation_id": 24, "question_id": 24}}, {"pk": "", "model": "app_fb_questionnaire.fbuser", "fields": {"name": "%E0%B8%B7%E0%B8%B5%E0%B8%B7nun"}}, {"pk": "11111", "model": "app_fb_questionnaire.fbuser", "fields": {"name": "FB+User+1"}}, {"pk": "123", "model": "app_fb_questionnaire.fbuser", "fields": {"name": "nun"}}, {"pk": "123123", "model": "app_fb_questionnaire.fbuser", "fields": {"name": "dasd"}}, {"pk": "1234", "model": "app_fb_questionnaire.fbuser", "fields": {"name": "%E0%B8%B7%E0%B8%B5%E0%B8%B7nun"}}, {"pk": "12345", "model": "app_fb_questionnaire.fbuser", "fields": {"name": "ASd"}}, {"pk": "nun", "model": "app_fb_questionnaire.fbuser", "fields": {"name": "%E0%B8%B7%E0%B8%B5%E0%B8%B7nun"}}, {"pk": 1, "model": "app_fb_questionnaire.questionset", "fields": {"name": "Car"}}, {"pk": 4, "model": "app_fb_questionnaire.questionset", "fields": {"name": "Basic General Knowledge - Section 1"}}, {"pk": 5, "model": "app_fb_questionnaire.questionset", "fields": {"name": "What's in this Customer Satisfaction?"}}, {"pk": 1, "model": "app_fb_questionnaire.questionsetitem", "fields": {"question_set_id": 1, "question_variation_id": 2}}, {"pk": 2, "model": "app_fb_questionnaire.questionsetitem", "fields": {"question_set_id": 1, "question_variation_id": 3}}, {"pk": 3, "model": "app_fb_questionnaire.questionsetitem", "fields": {"question_set_id": 1, "question_variation_id": 4}}, {"pk": 4, "model": "app_fb_questionnaire.questionsetitem", "fields": {"question_set_id": 4, "question_variation_id": 6}}, {"pk": 5, "model": "app_fb_questionnaire.questionsetitem", "fields": {"question_set_id": 4, "question_variation_id": 7}}, {"pk": 6, "model": "app_fb_questionnaire.questionsetitem", "fields": {"question_set_id": 4, "question_variation_id": 8}}, {"pk": 7, "model": "app_fb_questionnaire.questionsetitem", "fields": {"question_set_id": 4, "question_variation_id": 9}}, {"pk": 8, "model": "app_fb_questionnaire.questionsetitem", "fields": {"question_set_id": 4, "question_variation_id": 10}}, {"pk": 9, "model": "app_fb_questionnaire.questionsetitem", "fields": {"question_set_id": 4, "question_variation_id": 11}}, {"pk": 10, "model": "app_fb_questionnaire.questionsetitem", "fields": {"question_set_id": 4, "question_variation_id": 12}}, {"pk": 11, "model": "app_fb_questionnaire.questionsetitem", "fields": {"question_set_id": 4, "question_variation_id": 13}}, {"pk": 12, "model": "app_fb_questionnaire.questionsetitem", "fields": {"question_set_id": 4, "question_variation_id": 14}}, {"pk": 13, "model": "app_fb_questionnaire.questionsetitem", "fields": {"question_set_id": 4, "question_variation_id": 15}}, {"pk": 14, "model": "app_fb_questionnaire.questionsetitem", "fields": {"question_set_id": 5, "question_variation_id": 16}}, {"pk": 15, "model": "app_fb_questionnaire.questionsetitem", "fields": {"question_set_id": 5, "question_variation_id": 17}}, {"pk": 16, "model": "app_fb_questionnaire.questionsetitem", "fields": {"question_set_id": 5, "question_variation_id": 18}}, {"pk": 17, "model": "app_fb_questionnaire.questionsetitem", "fields": {"question_set_id": 5, "question_variation_id": 19}}, {"pk": 18, "model": "app_fb_questionnaire.questionsetitem", "fields": {"question_set_id": 5, "question_variation_id": 20}}, {"pk": 19, "model": "app_fb_questionnaire.questionsetitem", "fields": {"question_set_id": 5, "question_variation_id": 21}}, {"pk": 20, "model": "app_fb_questionnaire.questionsetitem", "fields": {"question_set_id": 5, "question_variation_id": 22}}, {"pk": 21, "model": "app_fb_questionnaire.questionsetitem", "fields": {"question_set_id": 5, "question_variation_id": 23}}, {"pk": 22, "model": "app_fb_questionnaire.questionsetitem", "fields": {"question_set_id": 5, "question_variation_id": 24}}, {"pk": 1, "model": "app_fb_questionnaire.questionsetuser", "fields": {"question_set_id": 1, "fb_user_id": "11111"}}, {"pk": 2, "model": "app_fb_questionnaire.questionsetuser", "fields": {"question_set_id": 1, "fb_user_id": "nun"}}, {"pk": 3, "model": "app_fb_questionnaire.questionsetuser", "fields": {"question_set_id": 4, "fb_user_id": "12345"}}, {"pk": 4, "model": "app_fb_questionnaire.questionsetuser", "fields": {"question_set_id": 1, "fb_user_id": "1234"}}, {"pk": 5, "model": "app_fb_questionnaire.questionsetuser", "fields": {"question_set_id": 4, "fb_user_id": "123123"}}, {"pk": 6, "model": "app_fb_questionnaire.questionsetuser", "fields": {"question_set_id": 1, "fb_user_id": "123"}}, {"pk": 7, "model": "app_fb_questionnaire.questionsetuser", "fields": {"question_set_id": 5, "fb_user_id": "11111"}}, {"pk": 1, "model": "app_fb_questionnaire.questionsetuseranswer", "fields": {"question_choice_id": 14, "question_set_user_id": 1}}, {"pk": 2, "model": "app_fb_questionnaire.questionsetuseranswer", "fields": {"question_choice_id": 3, "question_set_user_id": 1}}, {"pk": 3, "model": "app_fb_questionnaire.questionsetuseranswer", "fields": {"question_choice_id": 9, "question_set_user_id": 1}}, {"pk": 4, "model": "app_fb_questionnaire.questionsetuseranswer", "fields": {"question_choice_id": 12, "question_set_user_id": 2}}, {"pk": 5, "model": "app_fb_questionnaire.questionsetuseranswer", "fields": {"question_choice_id": 4, "question_set_user_id": 2}}, {"pk": 6, "model": "app_fb_questionnaire.questionsetuseranswer", "fields": {"question_choice_id": 10, "question_set_user_id": 2}}, {"pk": 7, "model": "app_fb_questionnaire.questionsetuseranswer", "fields": {"question_choice_id": 12, "question_set_user_id": 4}}, {"pk": 8, "model": "app_fb_questionnaire.questionsetuseranswer", "fields": {"question_choice_id": 4, "question_set_user_id": 4}}, {"pk": 9, "model": "app_fb_questionnaire.questionsetuseranswer", "fields": {"question_choice_id": 10, "question_set_user_id": 4}}, {"pk": 10, "model": "app_fb_questionnaire.questionsetuseranswer", "fields": {"question_choice_id": 15, "question_set_user_id": 5}}, {"pk": 11, "model": "app_fb_questionnaire.questionsetuseranswer", "fields": {"question_choice_id": 12, "question_set_user_id": 6}}, {"pk": 12, "model": "app_fb_questionnaire.questionsetuseranswer", "fields": {"question_choice_id": 4, "question_set_user_id": 6}}, {"pk": 13, "model": "app_fb_questionnaire.questionsetuseranswer", "fields": {"question_choice_id": 10, "question_set_user_id": 6}}, {"pk": 14, "model": "app_fb_questionnaire.questionsetuseranswer", "fields": {"question_choice_id": 97, "question_set_user_id": 7}}, {"pk": 15, "model": "app_fb_questionnaire.questionsetuseranswer", "fields": {"question_choice_id": 91, "question_set_user_id": 7}}, {"pk": 16, "model": "app_fb_questionnaire.questionsetuseranswer", "fields": {"question_choice_id": 87, "question_set_user_id": 7}}, {"pk": 17, "model": "app_fb_questionnaire.questionsetuseranswer", "fields": {"question_choice_id": 76, "question_set_user_id": 7}}, {"pk": 18, "model": "app_fb_questionnaire.questionsetuseranswer", "fields": {"question_choice_id": 81, "question_set_user_id": 7}}, {"pk": 19, "model": "app_fb_questionnaire.questionsetuseranswer", "fields": {"question_choice_id": 69, "question_set_user_id": 7}}, {"pk": 20, "model": "app_fb_questionnaire.questionsetuseranswer", "fields": {"question_choice_id": 71, "question_set_user_id": 7}}, {"pk": 21, "model": "app_fb_questionnaire.questionsetuseranswer", "fields": {"question_choice_id": 60, "question_set_user_id": 7}}, {"pk": 22, "model": "app_fb_questionnaire.questionsetuseranswer", "fields": {"question_choice_id": 62, "question_set_user_id": 7}}]